_id,assists_per_game,name,points_per_game,position,rebounds_per_game
63ef6813042b384c6ca7acc5,10,John Smith,20,Point Guard,4
63ef6813042b384c6ca7acc6,5,Mike Johnson,18,Shooting Guard,3
63ef6813042b384c6ca7acc7,3,Adam Davis,15,Small Forward,6
63ef6813042b384c6ca7acc8,2,Kevin Lee,12,Power Forward,8
63ef6813042b384c6ca7acc9,1,Tom Brown,10,Center,10
63ef6813042b384c6ca7acca,7,Benjamin Chen,8,Point Guard,2
63ef6813042b384c6ca7accb,4,Chris Kim,14,Shooting Guard,5
63ef6813042b384c6ca7accc,3,David Lee,10,Small Forward,7
63ef6813042b384c6ca7accd,2,Alex Kim,6,Power Forward,9
63ef6813042b384c6ca7acce,1,Daniel Kim,5,Center,11
63ef6813042b384c6ca7accf,5,Emily Park,7,Point Guard,3
63ef6813042b384c6ca7acd0,2,Hannah Lee,11,Shooting Guard,4
63ef6813042b384c6ca7acd1,3,Ivy Chen,9,Small Forward,6
63ef6813042b384c6ca7acd2,1,Jack Kim,4,Power Forward,8
63ef6813042b384c6ca7acd3,1,Kate Lee,3,Center,10
63ef68c2042b384c6ca7acd4,10,John Smith,20,Point Guard,4
63ef68c2042b384c6ca7acd5,5,Mike Johnson,18,Shooting Guard,3
63ef68c2042b384c6ca7acd6,3,Adam Davis,15,Small Forward,6
63ef68c2042b384c6ca7acd7,2,Kevin Lee,12,Power Forward,8
63ef68c2042b384c6ca7acd8,1,Tom Brown,10,Center,10
63ef68c2042b384c6ca7acd9,7,Benjamin Chen,8,Point Guard,2
63ef68c2042b384c6ca7acda,4,Chris Kim,14,Shooting Guard,5
63ef68c2042b384c6ca7acdb,3,David Lee,10,Small Forward,7
63ef68c2042b384c6ca7acdc,2,Alex Kim,6,Power Forward,9
63ef68c2042b384c6ca7acdd,1,Daniel Kim,5,Center,11
63ef68c2042b384c6ca7acde,5,Emily Park,7,Point Guard,3
63ef68c2042b384c6ca7acdf,2,Hannah Lee,11,Shooting Guard,4
63ef68c2042b384c6ca7ace0,3,Ivy Chen,9,Small Forward,6
63ef68c2042b384c6ca7ace1,1,Jack Kim,4,Power Forward,8
63ef68c2042b384c6ca7ace2,1,Kate Lee,3,Center,10
63ef702b042b384c6ca7ace3,10,John Smith,20,Point Guard,4
63ef702b042b384c6ca7ace4,5,Mike Johnson,18,Shooting Guard,3
63ef702b042b384c6ca7ace5,3,Adam Davis,15,Small Forward,6
63ef702b042b384c6ca7ace6,2,Kevin Lee,12,Power Forward,8
63ef702b042b384c6ca7ace7,1,Tom Brown,10,Center,10
63ef702b042b384c6ca7ace8,7,Benjamin Chen,8,Point Guard,2
63ef702b042b384c6ca7ace9,4,Chris Kim,14,Shooting Guard,5
63ef702b042b384c6ca7acea,3,David Lee,10,Small Forward,7
63ef702b042b384c6ca7aceb,2,Alex Kim,6,Power Forward,9
63ef702b042b384c6ca7acec,1,Daniel Kim,5,Center,11
63ef702b042b384c6ca7aced,5,Emily Park,7,Point Guard,3
63ef702b042b384c6ca7acee,2,Hannah Lee,11,Shooting Guard,4
63ef702b042b384c6ca7acef,3,Ivy Chen,9,Small Forward,6
63ef702b042b384c6ca7acf0,1,Jack Kim,4,Power Forward,8
63ef702b042b384c6ca7acf1,1,Kate Lee,3,Center,10